year,state,measure,cvotes,totvotes,value,swing,color,
2006,Alabama,Democrat Vote %,502046,1140152,44.03325171,78.29543682,#334ADC,100
2006,Alabama,Republican Vote %,627501,1140152,55.03660915,84.27713683,#E71212,100
2006,Alabama,Third Party Vote %,10605,1140152,0.930139139,-84.27713683,#E71212,100
2006,Alaska,Democrat Vote %,93879,234645,40.00894969,12.82526281,#D1AA08,100
2006,Alaska,Republican Vote %,132743,234645,56.57184257,16.23905472,#334ADC,100
2006,Alaska,Third Party Vote %,8023,234645,3.419207739,-16.23905472,#E71212,100
2006,Arizona,Democrat Vote %,627259,1493150,42.00910826,81.67169037,#D1AA08,100
2006,Arizona,Republican Vote %,771246,1493150,51.65227874,51.16230359,#334ADC,100
2006,Arizona,Third Party Vote %,94645,1493150,6.338612999,-51.16230359,#E71212,100
2006,Arkansas,Democrat Vote %,456569,763011,59.8378005,34.52422001,#D1AA08,100
2006,Arkansas,Republican Vote %,306442,763011,40.1621995,-52.91595592,#334ADC,100
2006,Arkansas,Third Party Vote %,0,763011,0,-52.91595592,#334ADC,100
2006,California,Democrat Vote %,4720164,8295783,56.89835426,52.91595592,#E71212,100
2006,California,Republican Vote %,3314398,8295783,39.95280494,39.73619962,#D1AA08,100
2006,California,Third Party Vote %,261221,8295783,3.148840803,-33.27706311,#334ADC,100
2006,Colorado,Democrat Vote %,832888,1538906,54.12208413,33.27706311,#E71212,100
2006,Colorado,Republican Vote %,623792,1538906,40.53476951,36.31128918,#D1AA08,100
2006,Colorado,Third Party Vote %,82226,1538906,5.343146365,-49.2213936,#334ADC,100
2006,Connecticut,Democrat Vote %,648653,1074739,60.35446746,49.2213936,#E71212,100
2006,Connecticut,Republican Vote %,419895,1074739,39.06948571,36.48805065,#D1AA08,100
2006,Connecticut,Third Party Vote %,6191,1074739,0.576046836,-36.89597946,#334ADC,100
2006,Delaware,Democrat Vote %,97565,251694,38.76333961,36.89597946,#E71212,100
2006,Delaware,Republican Vote %,143897,251694,57.17140655,58.10428301,#D1AA08,100
2006,Delaware,Third Party Vote %,10232,251694,4.06525384,-41.91207681,#334ADC,100
2006,Florida,Democrat Vote %,1599973,3782915,42.29471188,41.91207681,#E71212,100
2006,Florida,Republican Vote %,2182833,3782915,57.70240674,57.54840843,#D1AA08,100
2006,Florida,Third Party Vote %,109,3782915,0.002881376,-45.01927257,#334ADC,100
2006,Georgia,Democrat Vote %,932143,2070191,45.02690815,45.01927257,#E71212,100
2006,Georgia,Republican Vote %,1138048,2070191,54.97309185,54.97019756,#D1AA08,100
2006,Georgia,Third Party Vote %,0,2070191,0,54.97019756,#D1AA08,100
2006,Hawaii,Democrat Vote %,219810,337944,65.04332079,19.7306528,#334ADC,100
2006,Hawaii,Republican Vote %,118134,337944,34.95667921,-19.7306528,#E71212,100
2006,Hawaii,Third Party Vote %,0,337944,0,-19.7306528,#E71212,100
2006,Idaho,Democrat Vote %,177376,445306,39.83238492,34.42055422,#D1AA08,100
2006,Idaho,Republican Vote %,248105,445306,55.71562027,10.12615105,#334ADC,100
2006,Idaho,Third Party Vote %,19825,445306,4.451994808,-10.12615105,#E71212,100
2006,Illinois,Democrat Vote %,1986431,3452581,57.53466754,88.1150357,#D1AA08,100
2006,Illinois,Republican Vote %,1442526,3452581,41.78109073,62.26952322,#334ADC,100
2006,Illinois,Third Party Vote %,23624,3452581,0.684241731,-62.26952322,#E71212,100
2006,Indiana,Democrat Vote %,812496,1666922,48.74229268,35.65696471,#D1AA08,100
2006,Indiana,Republican Vote %,831785,1666922,49.8994554,60.05389787,#334ADC,100
2006,Indiana,Third Party Vote %,22641,1666922,1.358251916,-60.05389787,#E71212,100
2006,Iowa,Democrat Vote %,492937,1021117,48.27429178,36.58531517,#D1AA08,100
2006,Iowa,Republican Vote %,522388,1021117,51.15848625,57.56771725,#334ADC,100
2006,Iowa,Third Party Vote %,5792,1021117,0.567221974,-57.56771725,#E71212,100
2006,Kansas,Democrat Vote %,369191,845127,43.68467698,41.14140083,#D1AA08,100
2006,Kansas,Republican Vote %,459267,845127,54.34295674,41.07032002,#334ADC,100
2006,Kansas,Third Party Vote %,16669,845127,1.972366283,-41.07032002,#E71212,100
2006,Kentucky,Democrat Vote %,601723,1253526,48.00243473,55.83612256,#D1AA08,100
2006,Kentucky,Republican Vote %,611780,1253526,48.80473161,59.49096955,#334ADC,100
2006,Kentucky,Third Party Vote %,40023,1253526,3.192833655,-59.49096955,#E71212,100
2006,Louisiana,Democrat Vote %,309279,916015,33.76353007,32.18029263,#D1AA08,100
2006,Louisiana,Republican Vote %,579702,916015,63.28520821,57.7224878,#334ADC,100
2006,Louisiana,Third Party Vote %,27034,916015,2.951261715,-57.7224878,#E71212,100
2006,Maine,Democrat Vote %,350721,535915,65.44340054,36.63047009,#D1AA08,100
2006,Maine,Republican Vote %,163165,535915,30.44605954,10.98646697,#334ADC,100
2006,Maine,Third Party Vote %,22029,535915,4.110539918,-10.98646697,#E71212,100
2006,Maryland,Democrat Vote %,1099441,1701202,64.62730469,85.58392072,#D1AA08,100
2006,Maryland,Republican Vote %,546862,1701202,32.14562409,22.02095012,#334ADC,100
2006,Maryland,Third Party Vote %,54899,1701202,3.227071212,-22.02095012,#E71212,100
2006,Massachusetts,Democrat Vote %,1632307,2195261,74.35594219,73.06433824,#D1AA08,100
2006,Massachusetts,Republican Vote %,198550,2195261,9.044482638,-6.670342606,#334ADC,100
2006,Massachusetts,Third Party Vote %,364404,2195261,16.59957518,6.670342606,#E71212,100
2006,Michigan,Democrat Vote %,1923485,3644564,52.77682049,77.3590263,#D1AA08,100
2006,Michigan,Republican Vote %,1624865,3644564,44.58324782,53.19452274,#334ADC,100
2006,Michigan,Third Party Vote %,96214,3644564,2.63993169,-53.19452274,#E71212,100
2006,Minnesota,Democrat Vote %,1152621,2178974,52.89741869,40.1093016,#D1AA08,100
2006,Minnesota,Republican Vote %,924636,2178974,42.43446686,63.95662335,#334ADC,100
2006,Minnesota,Third Party Vote %,101717,2178974,4.668114443,-63.95662335,#E71212,100
2006,Mississippi,Democrat Vote %,260330,600697,43.33798904,20.23264472,#D1AA08,100
2006,Mississippi,Republican Vote %,304308,600697,50.65915095,20.12936873,#334ADC,100
2006,Mississippi,Third Party Vote %,36059,600697,6.002860011,-20.12936873,#E71212,100
2006,Missouri,Democrat Vote %,992258,2097322,47.31071338,74.45890629,#D1AA08,100
2006,Missouri,Republican Vote %,1049346,2097322,50.0326607,78.61105397,#334ADC,100
2006,Missouri,Third Party Vote %,55718,2097322,2.656625926,-78.61105397,#E71212,100
2006,Montana,Democrat Vote %,158916,406125,39.12982456,12.57266729,#D1AA08,100
2006,Montana,Republican Vote %,239124,406125,58.87940905,45.3801567,#334ADC,100
2006,Montana,Third Party Vote %,8085,406125,1.99076639,-45.3801567,#E71212,100
2006,Nebraska,Democrat Vote %,261910,596087,43.93821707,51.44376855,#D1AA08,100
2006,Nebraska,Republican Vote %,334177,596087,56.06178293,5.246987385,#334ADC,100
2006,Nebraska,Third Party Vote %,0,596087,0,5.246987385,#334ADC,100
2006,Nevada,Democrat Vote %,287879,574827,50.08098089,-5.246987385,#E71212,100
2006,Nevada,Republican Vote %,260317,574827,45.28614696,29.50192266,#D1AA08,100
2006,Nevada,Third Party Vote %,26631,574827,4.632872151,-42.94376057,#334ADC,100
2006,New Hampshire,Democrat Vote %,209434,402669,52.01145358,42.94376057,#E71212,100
2006,New Hampshire,Republican Vote %,189615,402669,47.08954501,44.54402368,#D1AA08,100
2006,New Hampshire,Third Party Vote %,3620,402669,0.899001413,-56.94573574,#334ADC,100
2006,New Jersey,Democrat Vote %,1207782,2136840,56.52187342,56.94573574,#E71212,100
2006,New Jersey,Republican Vote %,903176,2136840,42.26689879,42.71187916,#D1AA08,100
2006,New Jersey,Third Party Vote %,25882,2136840,1.211227794,-48.94799354,#334ADC,100
2006,New Mexico,Democrat Vote %,313124,561084,55.80697364,48.94799354,#E71212,100
2006,New Mexico,Republican Vote %,247825,561084,44.16896579,42.23106823,#D1AA08,100
2006,New Mexico,Third Party Vote %,135,561084,0.024060568,-68.61511805,#334ADC,100
2006,New York,Democrat Vote %,2537778,4687197,54.14276379,68.61511805,#E71212,100
2006,New York,Republican Vote %,1160460,4687197,24.75808036,31.37758144,#D1AA08,100
2006,New York,Third Party Vote %,988959,4687197,21.09915585,-1.295529645,#334ADC,100
2006,North Carolina,Democrat Vote %,1026915,1940808,52.91172543,1.295529645,#E71212,100
2006,North Carolina,Republican Vote %,913893,1940808,47.08827457,31.19336794,#D1AA08,100
2006,North Carolina,Third Party Vote %,0,1940808,0,31.19336794,#D1AA08,100
2006,North Dakota,Democrat Vote %,142934,217621,65.68024226,2.968089354,#334ADC,100
2006,North Dakota,Republican Vote %,74687,217621,34.31975774,-2.968089354,#E71212,100
2006,North Dakota,Third Party Vote %,0,217621,0,-2.968089354,#E71212,100
2006,Ohio,Democrat Vote %,2081737,3952695,52.66626947,90.53557558,#D1AA08,100
2006,Ohio,Republican Vote %,1870390,3952695,47.31936059,83.33111987,#334ADC,100
2006,Ohio,Third Party Vote %,568,3952695,0.014369943,-83.33111987,#E71212,100
2006,Oklahoma,Democrat Vote %,372888,905194,41.19426333,16.61825277,#D1AA08,100
2006,Oklahoma,Republican Vote %,518025,905194,57.22806382,38.80449159,#334ADC,100
2006,Oklahoma,Third Party Vote %,14281,905194,1.577672852,-38.80449159,#E71212,100
2006,Oregon,Democrat Vote %,765853,1357434,56.41917029,58.99531567,#D1AA08,100
2006,Oregon,Republican Vote %,557491,1357434,41.06947373,18.55589732,#334ADC,100
2006,Oregon,Third Party Vote %,34090,1357434,2.511355985,-18.55589732,#E71212,100
2006,Pennsylvania,Democrat Vote %,2229091,4013388,55.54137801,79.02694819,#D1AA08,100
2006,Pennsylvania,Republican Vote %,1732163,4013388,43.15961975,81.98278782,#334ADC,100
2006,Pennsylvania,Third Party Vote %,52134,4013388,1.29900224,-81.98278782,#E71212,100
2006,Rhode Island,Democrat Vote %,264949,373148,71.00373042,12.92909685,#D1AA08,100
2006,Rhode Island,Republican Vote %,41836,373148,11.21163721,-4.222110522,#334ADC,100
2006,Rhode Island,Third Party Vote %,66363,373148,17.78463237,4.222110522,#E71212,100
2006,South Carolina,Democrat Vote %,472719,1086206,43.52019783,81.3744797,#D1AA08,100
2006,South Carolina,Republican Vote %,599615,1086206,55.20269636,69.40452986,#334ADC,100
2006,South Carolina,Third Party Vote %,13872,1086206,1.277105816,-69.40452986,#E71212,100
2006,South Dakota,Democrat Vote %,230468,333562,69.0930022,27.30809107,#D1AA08,100
2006,South Dakota,Republican Vote %,97864,333562,29.3390734,9.609784689,#334ADC,100
2006,South Dakota,Third Party Vote %,5230,333562,1.567924404,-9.609784689,#E71212,100
2006,Tennessee,Democrat Vote %,860861,1715426,50.18351127,89.30510242,#D1AA08,100
2006,Tennessee,Republican Vote %,799547,1715426,46.60923875,27.1188089,#334ADC,100
2006,Tennessee,Third Party Vote %,55018,1715426,3.207249978,-27.1188089,#E71212,100
2006,Texas,Democrat Vote %,1890869,4374096,43.22879516,68.87322733,#D1AA08,100
2006,Texas,Republican Vote %,2254609,4374096,51.54457058,74.274428,#334ADC,100
2006,Texas,Third Party Vote %,228618,4374096,5.226634258,-74.274428,#E71212,100
2006,Utah,Democrat Vote %,244483,569690,42.91509417,8.962939609,#D1AA08,100
2006,Utah,Republican Vote %,292235,569690,51.29719672,55.7528461,#334ADC,100
2006,Utah,Third Party Vote %,32972,569690,5.787709105,-55.7528461,#E71212,100
2006,Vermont,Democrat Vote %,139815,262726,53.21703981,30.06631944,#D1AA08,100
2006,Vermont,Republican Vote %,117023,262726,44.54184207,10.3863127,#334ADC,100
2006,Vermont,Third Party Vote %,5888,262726,2.241118123,-10.3863127,#E71212,100
2006,Virginia,Democrat Vote %,947103,2297236,41.22793653,88.51314095,#D1AA08,100
2006,Virginia,Republican Vote %,1222790,2297236,53.22874968,42.22631935,#334ADC,100
2006,Virginia,Third Party Vote %,127343,2297236,5.543313791,-42.22631935,#E71212,100
2006,Washington,Democrat Vote %,1244095,2054056,60.56772551,47.95627061,#D1AA08,100
2006,Washington,Republican Vote %,798005,2054056,38.85020662,73.20371062,#334ADC,100
2006,Washington,Third Party Vote %,11956,2054056,0.58206787,-73.20371062,#E71212,100
2006,West Virginia,Democrat Vote %,263822,454813,58.00669726,24.56939624,#D1AA08,100
2006,West Virginia,Republican Vote %,190893,454813,41.97175542,15.97751366,#334ADC,100
2006,West Virginia,Third Party Vote %,98,454813,0.021547317,-15.97751366,#E71212,100
2006,Wisconsin,Democrat Vote %,1003156,2063413,48.61634583,84.00607295,#D1AA08,100
2006,Wisconsin,Republican Vote %,1040071,2063413,50.40537207,88.48705644,#334ADC,100
2006,Wisconsin,Third Party Vote %,20186,2063413,0.978282099,-88.48705644,#E71212,100
2006,Wyoming,Democrat Vote %,92324,196215,47.05246796,8.010196247,#D1AA08,100
2006,Wyoming,Republican Vote %,93336,196215,47.56822873,10.06752139,#334ADC,100
2006,Wyoming,Third Party Vote %,10555,196215,5.379303315,-10.06752139,#E71212,100
2008,Alabama,Democrat Vote %,718367,1855268,38.72038972,87.36515789,#D1AA08,100
2008,Alabama,Republican Vote %,1120903,1855268,60.41730898,86.35706755,#334ADC,100
2008,Alabama,Third Party Vote %,15998,1855268,0.862301296,-86.35706755,#E71212,100
2008,Alaska,Democrat Vote %,142560,316978,44.97473011,11.14219191,#D1AA08,100
2008,Alaska,Republican Vote %,158939,316978,50.14196569,11.66604186,#334ADC,100
2008,Alaska,Third Party Vote %,15479,316978,4.883304204,-11.66604186,#E71212,100
2008,Arizona,Democrat Vote %,1055305,2155694,48.95430428,85.81648062,#D1AA08,100
2008,Arizona,Republican Vote %,1021798,2155694,47.39995565,62.22211521,#334ADC,100
2008,Arizona,Third Party Vote %,78591,2155694,3.645740073,-62.22211521,#E71212,100
2008,Arkansas,Democrat Vote %,415482,787194,52.7801279,27.40879666,#D1AA08,100
2008,Arkansas,Republican Vote %,215196,787194,27.33709861,0.757216298,#334ADC,100
2008,Arkansas,Third Party Vote %,156516,787194,19.8827735,-0.757216298,#E71212,100
2008,California,Democrat Vote %,7377725,12322079,59.87402775,95.20336768,#D1AA08,100
2008,California,Republican Vote %,4515372,12322079,36.64456298,65.86620379,#334ADC,100
2008,California,Third Party Vote %,428982,12322079,3.481409265,-65.86620379,#E71212,100
2008,Colorado,Democrat Vote %,1259723,2283846,55.15796599,20.30476089,#D1AA08,100
2008,Colorado,Republican Vote %,990836,2283846,43.38453644,49.53991031,#334ADC,100
2008,Colorado,Third Party Vote %,33287,2283846,1.457497572,-49.53991031,#E71212,100
2008,Connecticut,Democrat Vote %,908761,1527399,59.49728918,47.01580643,#D1AA08,100
2008,Connecticut,Republican Vote %,504785,1527399,33.04866639,51.09741305,#334ADC,100
2008,Connecticut,Third Party Vote %,113853,1527399,7.454044425,-51.09741305,#E71212,100
2008,Delaware,Democrat Vote %,146434,385457,37.98971091,19.13989794,#D1AA08,100
2008,Delaware,Republican Vote %,235437,385457,61.07996482,6.310835264,#334ADC,100
2008,Delaware,Third Party Vote %,3586,385457,0.930324264,-6.310835264,#E71212,100
2008,Florida,Democrat Vote %,3434833,7229270,47.51286091,93.4939475,#D1AA08,100
2008,Florida,Republican Vote %,3792167,7229270,52.45573896,67.04783542,#334ADC,100
2008,Florida,Third Party Vote %,2270,7229270,0.031400128,-67.04783542,#E71212,100
2008,Georgia,Democrat Vote %,1858090,3654948,50.83765898,32.87184652,#D1AA08,100
2008,Georgia,Republican Vote %,1796549,3654948,49.15388673,84.85582578,#334ADC,100
2008,Georgia,Third Party Vote %,309,3654948,0.008454293,-84.85582578,#E71212,100
2008,Hawaii,Democrat Vote %,319956,456064,70.15594303,15.1149794,#D1AA08,100
2008,Hawaii,Republican Vote %,82540,456064,18.09833708,7.318305362,#334ADC,100
2008,Hawaii,Third Party Vote %,53568,456064,11.7457199,-7.318305362,#E71212,100
2008,Idaho,Democrat Vote %,259776,637852,40.72668895,65.61922179,#D1AA08,100
2008,Idaho,Republican Vote %,377464,637852,59.17736403,10.60276923,#334ADC,100
2008,Idaho,Third Party Vote %,612,637852,0.095947022,-10.60276923,#E71212,100
2008,Illinois,Democrat Vote %,3176203,5248195,60.51991208,89.36279341,#D1AA08,100
2008,Illinois,Republican Vote %,1961173,5248195,37.36852384,53.46368271,#334ADC,100
2008,Illinois,Third Party Vote %,110819,5248195,2.111564071,-53.46368271,#E71212,100
2008,Indiana,Democrat Vote %,1388963,2676850,51.88796533,40.13236231,#D1AA08,100
2008,Indiana,Republican Vote %,1240577,2676850,46.34465883,58.28357382,#334ADC,100
2008,Indiana,Third Party Vote %,47310,2676850,1.767375834,-58.28357382,#E71212,100
2008,Iowa,Democrat Vote %,759460,1476370,51.44103443,37.09483541,#D1AA08,100
2008,Iowa,Republican Vote %,698241,1476370,47.29444516,57.25406739,#334ADC,100
2008,Iowa,Third Party Vote %,18669,1476370,1.264520412,-57.25406739,#E71212,100
2008,Kansas,Democrat Vote %,470031,1208302,38.90012596,39.60019917,#D1AA08,100
2008,Kansas,Republican Vote %,690005,1208302,57.10534287,42.79743644,#334ADC,100
2008,Kansas,Third Party Vote %,48266,1208302,3.994531169,-42.79743644,#E71212,100
2008,Kentucky,Democrat Vote %,761209,1749840,43.50163444,50.76486515,#D1AA08,100
2008,Kentucky,Republican Vote %,955182,1749840,54.58681937,66.45007663,#334ADC,100
2008,Kentucky,Third Party Vote %,33449,1749840,1.911546199,-66.45007663,#E71212,100
2008,Louisiana,Democrat Vote %,398475,1006735,39.58092249,28.72707637,#D1AA08,100
2008,Louisiana,Republican Vote %,594307,1006735,59.03311199,55.79452451,#334ADC,100
2008,Louisiana,Third Party Vote %,13953,1006735,1.385965522,-55.79452451,#E71212,100
2008,Maine,Democrat Vote %,431903,710101,60.8227562,41.52262674,#D1AA08,100
2008,Maine,Republican Vote %,278198,710101,39.1772438,-51.47361547,#334ADC,100
2008,Maine,Third Party Vote %,0,710101,0,-51.47361547,#334ADC,100
2008,Maryland,Democrat Vote %,1677238,2497952,67.14452479,51.47361547,#E71212,100
2008,Maryland,Republican Vote %,762539,2497952,30.52656736,28.0554089,#D1AA08,100
2008,Maryland,Third Party Vote %,58175,2497952,2.328907841,-83.41943721,#334ADC,100
2008,Massachusetts,Democrat Vote %,2245778,3102995,72.37452848,83.41943721,#E71212,100
2008,Massachusetts,Republican Vote %,318461,3102995,10.26302008,12.14381101,#D1AA08,100
2008,Massachusetts,Third Party Vote %,538756,3102995,17.36245144,-38.25924538,#334ADC,100
2008,Michigan,Democrat Vote %,2516640,4801703,52.41140487,38.25924538,#E71212,100
2008,Michigan,Republican Vote %,2114293,4801703,44.03214859,40.89787606,#D1AA08,100
2008,Michigan,Third Party Vote %,170770,4801703,3.556446536,-50.54614491,#334ADC,100
2008,Minnesota,Democrat Vote %,1612480,2802614,57.53485853,50.54614491,#E71212,100
2008,Minnesota,Republican Vote %,1069015,2802614,38.14349746,37.4795119,#D1AA08,100
2008,Minnesota,Third Party Vote %,121119,2802614,4.321644008,-44.24446515,#334ADC,100
2008,Mississippi,Democrat Vote %,731805,1264747,57.86176998,44.24446515,#E71212,100
2008,Mississippi,Republican Vote %,527330,1264747,41.69450491,38.20528685,#D1AA08,100
2008,Mississippi,Third Party Vote %,5612,1264747,0.443725109,-51.52219578,#334ADC,100
2008,Missouri,Democrat Vote %,1413016,2821484,50.08059589,51.52219578,#E71212,100
2008,Missouri,Republican Vote %,1313018,2821484,46.5364326,48.06691643,#D1AA08,100
2008,Missouri,Third Party Vote %,95450,2821484,3.382971514,-10.80289363,#334ADC,100
2008,Montana,Democrat Vote %,155930,480900,32.4246205,10.80289363,#E71212,100
2008,Montana,Republican Vote %,308470,480900,64.14431275,55.09868715,#D1AA08,100
2008,Montana,Third Party Vote %,16500,480900,3.43106675,-31.36578196,#334ADC,100
2008,Nebraska,Democrat Vote %,264885,775398,34.16116627,31.36578196,#E71212,100
2008,Nebraska,Republican Vote %,510513,775398,65.83883373,64.46701469,#D1AA08,100
2008,Nebraska,Third Party Vote %,0,775398,0,64.46701469,#D1AA08,100
2008,Nevada,Democrat Vote %,457320,908254,50.35155364,8.122397479,#334ADC,100
2008,Nevada,Republican Vote %,383548,908254,42.22915616,-8.122397479,#E71212,100
2008,Nevada,Third Party Vote %,67386,908254,7.419290199,7.419290199,#D1AA08,100
2008,New Hampshire,Democrat Vote %,364767,674548,54.07576629,10.40800655,#334ADC,100
2008,New Hampshire,Republican Vote %,294560,674548,43.66775974,-10.40800655,#E71212,100
2008,New Hampshire,Third Party Vote %,15221,674548,2.256473965,2.256473965,#D1AA08,100
2008,New Jersey,Democrat Vote %,1911827,3434319,55.66829989,13.10323823,#334ADC,100
2008,New Jersey,Republican Vote %,1461820,3434319,42.56506166,-13.10323823,#E71212,100
2008,New Jersey,Third Party Vote %,60672,3434319,1.766638451,1.766638451,#D1AA08,100
2008,New Mexico,Democrat Vote %,457135,814566,56.12006885,16.70239121,#334ADC,100
2008,New Mexico,Republican Vote %,321083,814566,39.41767763,-16.70239121,#E71212,100
2008,New Mexico,Third Party Vote %,36348,814566,4.462253519,4.462253519,#D1AA08,100
2008,New York,Democrat Vote %,4006436,7721503,51.88673759,28.57400949,#334ADC,100
2008,New York,Republican Vote %,1800093,7721503,23.3127281,-28.57400949,#E71212,100
2008,New York,Third Party Vote %,1914974,7721503,24.8005343,24.8005343,#D1AA08,100
2008,North Carolina,Democrat Vote %,2293971,4215093,54.42278498,9.310684248,#334ADC,100
2008,North Carolina,Republican Vote %,1901517,4215093,45.11210073,-9.310684248,#E71212,100
2008,North Carolina,Third Party Vote %,19605,4215093,0.465114293,0.465114293,#D1AA08,100
2008,North Dakota,Democrat Vote %,194577,313965,61.97410539,2.452287549,#334ADC,100
2008,North Dakota,Republican Vote %,119388,313965,38.02589461,-2.452287549,#E71212,100
2008,North Dakota,Third Party Vote %,0,313965,0,-2.452287549,#E71212,100
2008,Ohio,Democrat Vote %,2752111,5374340,51.20835303,89.76003856,#D1AA08,100
2008,Ohio,Republican Vote %,2491498,5374340,46.35914363,75.5241706,#334ADC,100
2008,Ohio,Third Party Vote %,130731,5374340,2.43250334,-75.5241706,#E71212,100
2008,Oklahoma,Democrat Vote %,503614,1336927,37.66952122,16.11130182,#D1AA08,100
2008,Oklahoma,Republican Vote %,802530,1336927,60.02795964,41.28128403,#334ADC,100
2008,Oklahoma,Third Party Vote %,30783,1336927,2.302519135,-41.28128403,#E71212,100
2008,Oregon,Democrat Vote %,1036171,1682509,61.58487117,55.42550779,#D1AA08,100
2008,Oregon,Republican Vote %,435920,1682509,25.9089253,5.848830218,#334ADC,100
2008,Oregon,Third Party Vote %,210418,1682509,12.50620353,-5.848830218,#E71212,100
2008,Pennsylvania,Democrat Vote %,3209168,5787854,55.44659558,83.23597473,#D1AA08,100
2008,Pennsylvania,Republican Vote %,2520755,5787854,43.55249804,85.44482361,#334ADC,100
2008,Pennsylvania,Third Party Vote %,57931,5787854,1.000906381,-85.44482361,#E71212,100
2008,Rhode Island,Democrat Vote %,303670,438232,69.29434637,10.53547862,#D1AA08,100
2008,Rhode Island,Republican Vote %,118773,438232,27.10276748,9.769934474,#334ADC,100
2008,Rhode Island,Third Party Vote %,15789,438232,3.602886142,-9.769934474,#E71212,100
2008,South Carolina,Democrat Vote %,919529,1873890,49.07059646,87.23430899,#D1AA08,100
2008,South Carolina,Republican Vote %,939703,1873890,50.14718046,76.42460934,#334ADC,100
2008,South Carolina,Third Party Vote %,14658,1873890,0.782223076,-76.42460934,#E71212,100
2008,South Dakota,Democrat Vote %,256041,379007,67.55574435,21.1533854,#D1AA08,100
2008,South Dakota,Republican Vote %,122966,379007,32.44425565,-46.71121883,#334ADC,100
2008,South Dakota,Third Party Vote %,0,379007,0,-46.71121883,#334ADC,100
2008,Tennessee,Democrat Vote %,1195542,2301885,51.93752077,46.71121883,#E71212,100
2008,Tennessee,Republican Vote %,977677,2301885,42.47288635,42.57832013,#D1AA08,100
2008,Tennessee,Third Party Vote %,128666,2301885,5.589592877,-38.98713632,#334ADC,100
2008,Texas,Democrat Vote %,2979398,7528622,39.57428066,38.98713632,#E71212,100
2008,Texas,Republican Vote %,4203917,7528622,55.83912966,57.49354382,#D1AA08,100
2008,Texas,Third Party Vote %,345307,7528622,4.586589684,-3.89819668,#334ADC,100
2008,Utah,Democrat Vote %,393761,936839,42.03080785,3.89819668,#E71212,100
2008,Utah,Republican Vote %,503917,936839,53.78907155,40.54087539,#D1AA08,100
2008,Utah,Third Party Vote %,39161,936839,4.180120597,-61.97289157,#334ADC,100
2008,Vermont,Democrat Vote %,248203,298151,83.2474149,61.97289157,#E71212,100
2008,Vermont,Republican Vote %,0,298151,0,61.97289157,#E71212,100
2008,Vermont,Third Party Vote %,49948,298151,16.7525851,14.80765582,#D1AA08,100
2008,Virginia,Democrat Vote %,1852788,3495355,53.00714806,7.498551649,#334ADC,100
2008,Virginia,Republican Vote %,1590687,3495355,45.50859641,-7.498551649,#E71212,100
2008,Virginia,Third Party Vote %,51880,3495355,1.484255533,1.484255533,#D1AA08,100
2008,Washington,Democrat Vote %,1725316,2914463,59.19841837,16.02160203,#334ADC,100
2008,Washington,Republican Vote %,1189147,2914463,40.80158163,-16.02160203,#E71212,100
2008,Washington,Third Party Vote %,0,2914463,0,-16.02160203,#E71212,100
2008,West Virginia,Democrat Vote %,432075,645560,66.9302621,12.91110395,#D1AA08,100
2008,West Virginia,Republican Vote %,213339,645560,33.04712188,13.34941745,#334ADC,100
2008,West Virginia,Third Party Vote %,146,645560,0.022616023,-13.34941745,#E71212,100
2008,Wisconsin,Democrat Vote %,1383536,2775174,49.85402717,86.63229851,#D1AA08,100
2008,Wisconsin,Republican Vote %,1274987,2775174,45.94259675,77.30506488,#334ADC,100
2008,Wisconsin,Third Party Vote %,116651,2775174,4.203376077,-77.30506488,#E71212,100
2008,Wyoming,Democrat Vote %,106758,249575,42.77591906,7.124818806,#D1AA08,100
2008,Wyoming,Republican Vote %,131244,249575,52.5869979,21.30233866,#334ADC,100
2008,Wyoming,Third Party Vote %,11573,249575,4.637083041,-21.30233866,#E71212,100
2010,Alabama,Democrat Vote %,418957,1367747,30.63117667,74.57749914,#D1AA08,100
2010,Alabama,Republican Vote %,914445,1367747,66.85775951,85.7466319,#334ADC,100
2010,Alabama,Third Party Vote %,34345,1367747,2.511063815,-85.7466319,#E71212,100
2010,Alaska,Democrat Vote %,77606,254335,30.51329939,7.561019334,#D1AA08,100
2010,Alaska,Republican Vote %,175384,254335,68.95787053,19.5865023,#334ADC,100
2010,Alaska,Third Party Vote %,1345,254335,0.528830086,-19.5865023,#E71212,100
2010,Arizona,Democrat Vote %,711837,1698145,41.91850519,80.11076273,#D1AA08,100
2010,Arizona,Republican Vote %,900510,1698145,53.02904051,62.46435781,#334ADC,100
2010,Arizona,Third Party Vote %,85798,1698145,5.052454296,-62.46435781,#E71212,100
2010,Arkansas,Democrat Vote %,317975,774125,41.07540772,24.37929498,#D1AA08,100
2010,Arkansas,Republican Vote %,435422,774125,56.24698854,7.398673108,#334ADC,100
2010,Arkansas,Third Party Vote %,20728,774125,2.677603746,-7.398673108,#E71212,100
2010,California,Democrat Vote %,5148828,9648096,53.36626004,91.86169865,#D1AA08,100
2010,California,Republican Vote %,4195494,9648096,43.48520164,73.42635177,#334ADC,100
2010,California,Third Party Vote %,303774,9648096,3.148538323,-73.42635177,#E71212,100
2010,Colorado,Democrat Vote %,800900,1754184,45.65655598,15.11084177,#D1AA08,100
2010,Colorado,Republican Vote %,884032,1754184,50.39562554,51.30110167,#334ADC,100
2010,Colorado,Third Party Vote %,69252,1754184,3.947818473,-51.30110167,#E71212,100
2010,Connecticut,Democrat Vote %,634947,1138202,55.78508911,39.97825253,#D1AA08,100
2010,Connecticut,Republican Vote %,457976,1138202,40.23679452,60.97786932,#334ADC,100
2010,Connecticut,Third Party Vote %,45279,1138202,3.978116362,-60.97786932,#E71212,100
2010,Delaware,Democrat Vote %,173543,305636,56.78094204,25.64177199,#D1AA08,100
2010,Delaware,Republican Vote %,125442,305636,41.04293997,5.982344703,#334ADC,100
2010,Delaware,Third Party Vote %,6651,305636,2.176117997,-5.982344703,#E71212,100
2010,Florida,Democrat Vote %,1853600,4898759,37.83815452,93.34776322,#D1AA08,100
2010,Florida,Republican Vote %,3004616,4898759,61.33422771,74.37130944,#334ADC,100
2010,Florida,Third Party Vote %,40543,4898759,0.82761777,-74.37130944,#E71212,100
2010,Georgia,Democrat Vote %,940347,2468680,38.09108511,23.59416847,#D1AA08,100
2010,Georgia,Republican Vote %,1528142,2468680,61.90117796,87.07449382,#334ADC,100
2010,Georgia,Third Party Vote %,191,2468680,0.007736928,-87.07449382,#E71212,100
2010,Hawaii,Democrat Vote %,226430,358811,63.10564615,12.90373686,#D1AA08,100
2010,Hawaii,Republican Vote %,129127,358811,35.98746973,44.43648174,#334ADC,100
2010,Hawaii,Third Party Vote %,3254,358811,0.906884126,-44.43648174,#E71212,100
2010,Idaho,Democrat Vote %,150884,447144,33.74393931,53.26602298,#D1AA08,100
2010,Idaho,Republican Vote %,263699,447144,58.97406652,10.63889134,#334ADC,100
2010,Idaho,Third Party Vote %,32561,447144,7.281994167,-10.63889134,#E71212,100
2010,Illinois,Democrat Vote %,1876316,3696159,50.7639417,86.3636531,#D1AA08,100
2010,Illinois,Republican Vote %,1720016,3696159,46.53522752,64.82558151,#334ADC,100
2010,Illinois,Third Party Vote %,99827,3696159,2.700830781,-64.82558151,#E71212,100
2010,Indiana,Democrat Vote %,679462,1747720,38.87705124,27.18603772,#D1AA08,100
2010,Indiana,Republican Vote %,972671,1747720,55.65370883,56.65434214,#334ADC,100
2010,Indiana,Third Party Vote %,95587,1747720,5.469239924,-56.65434214,#E71212,100
2010,Iowa,Democrat Vote %,479874,1106591,43.36507346,30.99696925,#D1AA08,100
2010,Iowa,Republican Vote %,597414,1106591,53.98688404,63.00380721,#334ADC,100
2010,Iowa,Third Party Vote %,29303,1106591,2.648042502,-63.00380721,#E71212,100
2010,Kansas,Democrat Vote %,274992,835529,32.91232261,30.49675671,#D1AA08,100
2010,Kansas,Republican Vote %,528136,835529,63.20977489,46.46690837,#334ADC,100
2010,Kansas,Third Party Vote %,32401,835529,3.877902502,-46.46690837,#E71212,100
2010,Kentucky,Democrat Vote %,506319,1354298,37.38608489,47.45898228,#D1AA08,100
2010,Kentucky,Republican Vote %,844369,1354298,62.34735634,72.52924431,#334ADC,100
2010,Kentucky,Third Party Vote %,3610,1354298,0.266558763,-72.52924431,#E71212,100
2010,Louisiana,Democrat Vote %,311221,993707,31.31919167,26.84791235,#D1AA08,100
2010,Louisiana,Republican Vote %,675387,993707,67.96641263,66.91967692,#334ADC,100
2010,Louisiana,Third Party Vote %,7099,993707,0.714395692,-66.91967692,#E71212,100
2010,Maine,Democrat Vote %,316156,564368,56.01947665,31.65859237,#D1AA08,100
2010,Maine,Republican Vote %,248170,564368,43.97308139,18.34902549,#334ADC,100
2010,Maine,Third Party Vote %,42,564368,0.007441953,-18.34902549,#E71212,100
2010,Maryland,Democrat Vote %,1104056,1825472,60.48057708,81.64476272,#D1AA08,100
2010,Maryland,Republican Vote %,674246,1825472,36.93543369,30.482696,#334ADC,100
2010,Maryland,Third Party Vote %,47170,1825472,2.583989237,-30.482696,#E71212,100
2010,Massachusetts,Democrat Vote %,1335738,2224255,60.05327627,64.93135662,#D1AA08,100
2010,Massachusetts,Republican Vote %,808305,2224255,36.34048254,31.60497611,#334ADC,100
2010,Massachusetts,Third Party Vote %,80212,2224255,3.606241191,-31.60497611,#E71212,100
2010,Michigan,Democrat Vote %,1415212,3183663,44.45231797,61.43135759,#D1AA08,100
2010,Michigan,Republican Vote %,1671707,3183663,52.50891819,56.84808067,#334ADC,100
2010,Michigan,Third Party Vote %,96744,3183663,3.038763839,-56.84808067,#E71212,100
2010,Minnesota,Democrat Vote %,1002026,2090701,47.92775246,36.16799562,#D1AA08,100
2010,Minnesota,Republican Vote %,970741,2090701,46.43136441,59.24862961,#334ADC,100
2010,Minnesota,Third Party Vote %,117934,2090701,5.64088313,-59.24862961,#E71212,100
2010,Mississippi,Democrat Vote %,350695,788549,44.47345694,24.3644789,#D1AA08,100
2010,Mississippi,Republican Vote %,423579,788549,53.71625606,35.7184371,#334ADC,100
2010,Mississippi,Third Party Vote %,14275,788549,1.810286995,-35.7184371,#E71212,100
2010,Missouri,Democrat Vote %,708064,1920675,36.86537285,61.79011064,#D1AA08,100
2010,Missouri,Republican Vote %,1103290,1920675,57.44282609,74.47887514,#334ADC,100
2010,Missouri,Third Party Vote %,109321,1920675,5.69180106,-74.47887514,#E71212,100
2010,Montana,Democrat Vote %,121954,360341,33.84405327,9.138108672,#D1AA08,100
2010,Montana,Republican Vote %,217696,360341,60.41388574,52.40735174,#334ADC,100
2010,Montana,Third Party Vote %,20691,360341,5.742060992,-52.40735174,#E71212,100
2010,Nebraska,Democrat Vote %,137524,485546,28.32357799,36.58419147,#D1AA08,100
2010,Nebraska,Republican Vote %,327986,485546,67.54993348,46.24866901,#334ADC,100
2010,Nebraska,Third Party Vote %,20036,485546,4.12648853,-46.24866901,#E71212,100
2010,Nevada,Democrat Vote %,317835,702788,45.22487578,47.733222,#D1AA08,100
2010,Nevada,Republican Vote %,357369,702788,50.85018526,56.32382377,#334ADC,100
2010,Nevada,Third Party Vote %,27584,702788,3.924938957,-56.32382377,#E71212,100
2010,New Hampshire,Democrat Vote %,200563,449787,44.5906618,34.25405967,#D1AA08,100
2010,New Hampshire,Republican Vote %,230265,449787,51.19423194,16.58662715,#334ADC,100
2010,New Hampshire,Third Party Vote %,18959,449787,4.215106261,-16.58662715,#E71212,100
2010,New Jersey,Democrat Vote %,1024730,2121584,48.30023228,80.43697025,#D1AA08,100
2010,New Jersey,Republican Vote %,1055299,2121584,49.74108968,72.17211773,#334ADC,100
2010,New Jersey,Third Party Vote %,41555,2121584,1.958678044,-72.17211773,#E71212,100
2010,New Mexico,Democrat Vote %,307766,596651,51.58224825,21.91097948,#D1AA08,100
2010,New Mexico,Republican Vote %,288885,596651,48.41775175,-51.34948092,#334ADC,100
2010,New Mexico,Third Party Vote %,0,596651,0,-51.34948092,#334ADC,100
2010,New York,Democrat Vote %,2600900,4753783,54.71221551,51.34948092,#E71212,100
2010,New York,Republican Vote %,1612724,4753783,33.92506557,35.8183404,#D1AA08,100
2010,New York,Third Party Vote %,540159,4753783,11.36271891,-20.85803873,#334ADC,100
2010,North Carolina,Democrat Vote %,1204635,2662549,45.24367439,20.85803873,#E71212,100
2010,North Carolina,Republican Vote %,1440913,2662549,54.11780215,45.23055636,#D1AA08,100
2010,North Carolina,Third Party Vote %,17001,2662549,0.63852346,-35.34350392,#334ADC,100
2010,North Dakota,Democrat Vote %,106542,236344,45.07920658,35.34350392,#E71212,100
2010,North Dakota,Republican Vote %,129802,236344,54.92079342,51.23527206,#D1AA08,100
2010,North Dakota,Third Party Vote %,0,236344,0,51.23527206,#D1AA08,100
2010,Ohio,Democrat Vote %,1611112,3825274,42.11755811,-11.55376059,#334ADC,100
2010,Ohio,Republican Vote %,2053075,3825274,53.67131871,11.55376059,#E71212,100
2010,Ohio,Third Party Vote %,161087,3825274,4.211123177,4.211123177,#D1AA08,100
2010,Oklahoma,Democrat Vote %,221966,792980,27.99137431,-37.52894146,#334ADC,100
2010,Oklahoma,Republican Vote %,519563,792980,65.52031577,37.52894146,#E71212,100
2010,Oklahoma,Third Party Vote %,51451,792980,6.48830992,6.48830992,#D1AA08,100
2010,Oregon,Democrat Vote %,733369,1429356,51.30765184,5.342405951,#334ADC,100
2010,Oregon,Republican Vote %,657007,1429356,45.96524589,-5.342405951,#E71212,100
2010,Oregon,Third Party Vote %,38980,1429356,2.727102275,2.727102275,#D1AA08,100
2010,Pennsylvania,Democrat Vote %,1882202,3956401,47.57359024,-3.840434779,#334ADC,100
2010,Pennsylvania,Republican Vote %,2034145,3956401,51.41402502,3.840434779,#E71212,100
2010,Pennsylvania,Third Party Vote %,40054,3956401,1.012384741,1.012384741,#D1AA08,100
2010,Rhode Island,Democrat Vote %,185711,335484,55.35614217,17.51499326,#334ADC,100
2010,Rhode Island,Republican Vote %,126951,335484,37.84114891,-17.51499326,#E71212,100
2010,Rhode Island,Third Party Vote %,22822,335484,6.802708922,6.802708922,#D1AA08,100
2010,South Carolina,Democrat Vote %,537323,1340189,40.09307642,-16.1625711,#334ADC,100
2010,South Carolina,Republican Vote %,753932,1340189,56.25564752,16.1625711,#E71212,100
2010,South Carolina,Third Party Vote %,48934,1340189,3.651276051,3.651276051,#D1AA08,100
2010,South Dakota,Democrat Vote %,146589,319426,45.89138016,-2.227119896,#334ADC,100
2010,South Dakota,Republican Vote %,153703,319426,48.11850006,2.227119896,#E71212,100
2010,South Dakota,Third Party Vote %,19134,319426,5.990119777,5.990119777,#D1AA08,100
2010,Tennessee,Democrat Vote %,541527,1559129,34.73266163,-26.52448899,#334ADC,100
2010,Tennessee,Republican Vote %,955078,1559129,61.25715063,26.52448899,#E71212,100
2010,Tennessee,Third Party Vote %,62524,1559129,4.010187739,4.010187739,#D1AA08,100
2010,Texas,Democrat Vote %,1450150,4745545,30.558134,-33.88552843,#334ADC,100
2010,Texas,Republican Vote %,3058203,4745545,64.44366242,33.88552843,#E71212,100
2010,Texas,Third Party Vote %,237192,4745545,4.998203578,4.998203578,#D1AA08,100
2010,Utah,Democrat Vote %,218236,634774,34.38011009,-27.21173205,#334ADC,100
2010,Utah,Republican Vote %,390969,634774,61.59184214,27.21173205,#E71212,100
2010,Utah,Third Party Vote %,25569,634774,4.028047778,4.028047778,#D1AA08,100
2010,Vermont,Democrat Vote %,154006,238521,64.56706118,32.53508077,#334ADC,100
2010,Vermont,Republican Vote %,76403,238521,32.03198041,-32.53508077,#E71212,100
2010,Vermont,Third Party Vote %,8112,238521,3.400958406,3.400958406,#D1AA08,100
2010,Virginia,Democrat Vote %,911116,2189841,41.60649106,-12.55716739,#334ADC,100
2010,Virginia,Republican Vote %,1186098,2189841,54.16365846,12.55716739,#E71212,100
2010,Virginia,Third Party Vote %,92627,2189841,4.229850478,4.229850478,#D1AA08,100
2010,Washington,Democrat Vote %,1296502,2479409,52.29076768,6.507034539,#334ADC,100
2010,Washington,Republican Vote %,1135166,2479409,45.78373314,-6.507034539,#E71212,100
2010,Washington,Third Party Vote %,47741,2479409,1.925499181,1.925499181,#D1AA08,100
2010,West Virginia,Democrat Vote %,227857,514373,44.29800942,-10.73695548,#334ADC,100
2010,West Virginia,Republican Vote %,283085,514373,55.0349649,10.73695548,#E71212,100
2010,West Virginia,Third Party Vote %,3431,514373,0.66702568,0.66702568,#D1AA08,100
2010,Wisconsin,Democrat Vote %,938690,2140482,43.85414126,-10.60840502,#334ADC,100
2010,Wisconsin,Republican Vote %,1165761,2140482,54.46254629,10.60840502,#E71212,100
2010,Wisconsin,Third Party Vote %,36031,2140482,1.68331245,1.68331245,#D1AA08,100
2010,Wyoming,Democrat Vote %,45768,190822,23.98465586,-45.01210552,#334ADC,100
2010,Wyoming,Republican Vote %,131661,190822,68.99676138,45.01210552,#E71212,100
2010,Wyoming,Third Party Vote %,13393,190822,7.018582763,7.018582763,#D1AA08,100
2012,Alabama,Democrat Vote %,693498,1933630,35.86508277,-27.93326541,#334ADC,100
2012,Alabama,Republican Vote %,1233624,1933630,63.79834818,27.93326541,#E71212,100
2012,Alabama,Third Party Vote %,6508,1933630,0.336569044,0.336569044,#D1AA08,100
2012,Alaska,Democrat Vote %,82927,284215,29.17755924,-36.01815527,#334ADC,100
2012,Alaska,Republican Vote %,185296,284215,65.19571451,36.01815527,#E71212,100
2012,Alaska,Third Party Vote %,15992,284215,5.626726246,5.626726246,#D1AA08,100
2012,Arizona,Democrat Vote %,946994,2173317,43.57367103,-8.497103736,#334ADC,100
2012,Arizona,Republican Vote %,1131663,2173317,52.07077477,8.497103736,#E71212,100
2012,Arizona,Third Party Vote %,94660,2173317,4.355554206,4.355554206,#D1AA08,100
2012,Arkansas,Democrat Vote %,304770,1038054,29.35974429,-32.06201219,#334ADC,100
2012,Arkansas,Republican Vote %,637591,1038054,61.42175648,32.06201219,#E71212,100
2012,Arkansas,Third Party Vote %,95693,1038054,9.21849923,9.21849923,#D1AA08,100
2012,California,Democrat Vote %,7392703,11922715,62.00519764,22.01584297,#334ADC,100
2012,California,Republican Vote %,4530012,11922715,37.99480236,-22.01584297,#E71212,100
2012,California,Third Party Vote %,0,11922715,0,-22.01584297,#E71212,100
2012,Colorado,Democrat Vote %,1080153,2372603,45.52607411,8.307036571,#D1AA08,100
2012,Colorado,Republican Vote %,1143796,2372603,48.20848663,45.71481334,#334ADC,100
2012,Colorado,Third Party Vote %,148654,2372603,6.265439266,-45.71481334,#E71212,100
2012,Connecticut,Democrat Vote %,884398,1463220,60.44190211,40.62745768,#D1AA08,100
2012,Connecticut,Republican Vote %,490580,1463220,33.52742581,48.54727875,#334ADC,100
2012,Connecticut,Third Party Vote %,88242,1463220,6.030672079,-48.54727875,#E71212,100
2012,Delaware,Democrat Vote %,249933,388059,64.40592796,30.15764611,#D1AA08,100
2012,Delaware,Republican Vote %,129757,388059,33.43744121,3.438238292,#334ADC,100
2012,Delaware,Third Party Vote %,8369,388059,2.156630822,-3.438238292,#E71212,100
2012,Florida,Democrat Vote %,3392403,7230727,46.91648571,96.08766845,#D1AA08,100
2012,Florida,Republican Vote %,3826523,7230727,52.92030801,72.1502317,#334ADC,100
2012,Florida,Third Party Vote %,11801,7230727,0.163206272,-72.1502317,#E71212,100
2012,Georgia,Democrat Vote %,1448869,3552967,40.77912911,27.40336886,#D1AA08,100
2012,Georgia,Republican Vote %,2104098,3552967,59.22087089,71.99649178,#334ADC,100
2012,Georgia,Third Party Vote %,0,3552967,0,71.99649178,#334ADC,100
2012,Hawaii,Democrat Vote %,285008,437159,65.19550095,-71.99649178,#E71212,100
2012,Hawaii,Republican Vote %,137531,437159,31.4601781,5.443243331,#D1AA08,100
2012,Hawaii,Third Party Vote %,14620,437159,3.344320945,-30.75551307,#334ADC,100
2012,Idaho,Democrat Vote %,208297,635218,32.79141964,30.75551307,#E71212,100
2012,Idaho,Republican Vote %,406814,635218,64.04321036,64.6012345,#D1AA08,100
2012,Idaho,Third Party Vote %,20107,635218,3.165369999,-54.78277031,#334ADC,100
2012,Illinois,Democrat Vote %,2743702,5058133,54.24337399,54.78277031,#E71212,100
2012,Illinois,Republican Vote %,2207818,5058133,43.64887202,44.40835968,#D1AA08,100
2012,Illinois,Third Party Vote %,106613,5058133,2.107753987,-39.8296838,#334ADC,100
2012,Indiana,Democrat Vote %,1142554,2553746,44.74031482,39.8296838,#E71212,100
2012,Indiana,Republican Vote %,1351760,2553746,52.93243729,51.97223913,#D1AA08,100
2012,Indiana,Third Party Vote %,59432,2553746,2.327247894,-45.75139701,#334ADC,100
2012,Iowa,Democrat Vote %,772387,1506558,51.26832156,45.75139701,#E71212,100
2012,Iowa,Republican Vote %,726505,1506558,48.22283643,46.62092094,#D1AA08,100
2012,Iowa,Third Party Vote %,7666,1506558,0.508842009,-19.89499572,#334ADC,100
2012,Kansas,Democrat Vote %,195505,1057739,18.48329314,19.89499572,#E71212,100
2012,Kansas,Republican Vote %,740981,1057739,70.05329292,78.48111321,#D1AA08,100
2012,Kansas,Third Party Vote %,121253,1057739,11.46341394,-30.73175467,#334ADC,100
2012,Kentucky,Democrat Vote %,684744,1745377,39.23186796,30.73175467,#E71212,100
2012,Kentucky,Republican Vote %,1027582,1745377,58.87450104,56.04241759,#D1AA08,100
2012,Kentucky,Third Party Vote %,33051,1745377,1.893631004,-21.24313149,#334ADC,100
2012,Louisiana,Democrat Vote %,359190,1626789,22.07969196,21.24313149,#E71212,100
2012,Louisiana,Republican Vote %,1143027,1626789,70.26276917,74.45130101,#D1AA08,100
2012,Louisiana,Third Party Vote %,124572,1626789,7.65753887,-37.05486374,#334ADC,100
2012,Maine,Democrat Vote %,427819,724623,59.04021815,37.05486374,#E71212,100
2012,Maine,Republican Vote %,265982,724623,36.70625967,32.50131664,#D1AA08,100
2012,Maine,Third Party Vote %,30822,724623,4.253522176,-63.6481522,#334ADC,100
2012,Maryland,Democrat Vote %,1641730,2585514,63.49723885,63.6481522,#E71212,100
2012,Maryland,Republican Vote %,858406,2585514,33.20059377,33.91624831,#D1AA08,100
2012,Maryland,Third Party Vote %,85378,2585514,3.302167383,-69.67487531,#334ADC,100
2012,Massachusetts,Democrat Vote %,2080594,3184196,65.34126668,69.67487531,#E71212,100
2012,Massachusetts,Republican Vote %,697637,3184196,21.90936111,24.36215978,#D1AA08,100
2012,Massachusetts,Third Party Vote %,405965,3184196,12.74937221,-39.86969673,#334ADC,100
2012,Michigan,Democrat Vote %,2327985,4561841,51.0316997,39.86969673,#E71212,100
2012,Michigan,Republican Vote %,2086804,4561841,45.74477716,43.2879172,#D1AA08,100
2012,Michigan,Third Party Vote %,147052,4561841,3.223523135,-48.44812906,#334ADC,100
2012,Minnesota,Democrat Vote %,1560984,2813383,55.48423375,48.44812906,#E71212,100
2012,Minnesota,Republican Vote %,1210409,2813383,43.02325705,41.47444958,#D1AA08,100
2012,Minnesota,Third Party Vote %,41990,2813383,1.492509196,-31.9274552,#334ADC,100
2012,Mississippi,Democrat Vote %,411398,1208175,34.05119291,31.9274552,#E71212,100
2012,Mississippi,Republican Vote %,703635,1208175,58.23949345,60.81426212,#D1AA08,100
2012,Mississippi,Third Party Vote %,93142,1208175,7.709313634,-38.35216169,#334ADC,100
2012,Missouri,Democrat Vote %,1119554,2675900,41.83840951,38.35216169,#E71212,100
2012,Missouri,Republican Vote %,1463586,2675900,54.69509324,54.68728632,#D1AA08,100
2012,Missouri,Third Party Vote %,92760,2675900,3.466497253,-20.27940929,#334ADC,100
2012,Montana,Democrat Vote %,204939,479740,42.71876433,20.27940929,#E71212,100
2012,Montana,Republican Vote %,255468,479740,53.25134448,46.18279832,#D1AA08,100
2012,Montana,Third Party Vote %,19333,479740,4.029891191,-32.44385286,#334ADC,100
2012,Nebraska,Democrat Vote %,276239,772515,35.75839951,32.44385286,#E71212,100
2012,Nebraska,Republican Vote %,496276,772515,64.24160049,62.67313929,#D1AA08,100
2012,Nebraska,Third Party Vote %,0,772515,0,62.67313929,#D1AA08,100
2012,Nevada,Democrat Vote %,453310,973742,46.55339916,-0.403494971,#334ADC,100
2012,Nevada,Republican Vote %,457239,973742,46.95689413,0.403494971,#E71212,100
2012,Nevada,Third Party Vote %,63193,973742,6.489706719,6.489706719,#D1AA08,100
2012,New Hampshire,Democrat Vote %,340925,682416,49.95852969,4.291956812,#334ADC,100
2012,New Hampshire,Republican Vote %,311636,682416,45.66657288,-4.291956812,#E71212,100
2012,New Hampshire,Third Party Vote %,29855,682416,4.374897423,4.374897423,#D1AA08,100
2012,New Jersey,Democrat Vote %,1794301,3277087,54.75292539,11.10669323,#334ADC,100
2012,New Jersey,Republican Vote %,1430325,3277087,43.64623216,-11.10669323,#E71212,100
2012,New Jersey,Third Party Vote %,52461,3277087,1.600842456,1.600842456,#D1AA08,100
2012,New Mexico,Democrat Vote %,422189,766090,55.10958243,10.30166168,#334ADC,100
2012,New Mexico,Republican Vote %,343269,766090,44.80792074,-10.30166168,#E71212,100
2012,New Mexico,Third Party Vote %,632,766090,0.082496835,0.082496835,#D1AA08,100
2012,New York,Democrat Vote %,3897953,7116336,54.77471834,27.40705329,#334ADC,100
2012,New York,Republican Vote %,1947575,7116336,27.36766505,-27.40705329,#E71212,100
2012,New York,Third Party Vote %,1270808,7116336,17.85761662,17.85761662,#D1AA08,100
2012,North Carolina,Democrat Vote %,2218357,4384112,50.59991624,1.851914367,#334ADC,100
2012,North Carolina,Republican Vote %,2137167,4384112,48.74800188,-1.851914367,#E71212,100
2012,North Carolina,Third Party Vote %,28588,4384112,0.652081881,0.652081881,#D1AA08,100
2012,North Dakota,Democrat Vote %,131870,316224,41.70145214,-13.19159836,#334ADC,100
2012,North Dakota,Republican Vote %,173585,316224,54.8930505,13.19159836,#E71212,100
2012,North Dakota,Third Party Vote %,10769,316224,3.405497369,3.405497369,#D1AA08,100
2012,Ohio,Democrat Vote %,2412385,5142126,46.91415574,-4.042063536,#334ADC,100
2012,Ohio,Republican Vote %,2620233,5142126,50.95621928,4.042063536,#E71212,100
2012,Ohio,Third Party Vote %,109508,5142126,2.129624984,2.129624984,#D1AA08,100
2012,Oklahoma,Democrat Vote %,410324,1325935,30.94601168,-33.67797064,#334ADC,100
2012,Oklahoma,Republican Vote %,856872,1325935,64.62398232,33.67797064,#E71212,100
2012,Oklahoma,Third Party Vote %,58739,1325935,4.430005996,4.430005996,#D1AA08,100
2012,Oregon,Democrat Vote %,949660,1708168,55.59523419,15.32759073,#334ADC,100
2012,Oregon,Republican Vote %,687839,1708168,40.26764346,-15.32759073,#E71212,100
2012,Oregon,Third Party Vote %,70669,1708168,4.137122344,4.137122344,#D1AA08,100
2012,Pennsylvania,Democrat Vote %,2793538,5556330,50.27667543,1.502214591,#334ADC,100
2012,Pennsylvania,Republican Vote %,2710070,5556330,48.77446084,-1.502214591,#E71212,100
2012,Pennsylvania,Third Party Vote %,52722,5556330,0.948863728,0.948863728,#D1AA08,100
2012,Rhode Island,Democrat Vote %,232679,427775,54.39284671,16.53976974,#334ADC,100
2012,Rhode Island,Republican Vote %,161926,427775,37.85307697,-16.53976974,#E71212,100
2012,Rhode Island,Third Party Vote %,33170,427775,7.754076325,7.754076325,#D1AA08,100
2012,South Carolina,Democrat Vote %,714191,1802734,39.6171038,-17.30360663,#334ADC,100
2012,South Carolina,Republican Vote %,1026129,1802734,56.92071043,17.30360663,#E71212,100
2012,South Carolina,Third Party Vote %,62414,1802734,3.462185769,3.462185769,#D1AA08,100
2012,South Dakota,Democrat Vote %,153789,361429,42.55026575,-4.650578354,#334ADC,100
2012,South Dakota,Republican Vote %,207640,361429,57.44973425,4.650578354,#E71212,100
2012,South Dakota,Third Party Vote %,0,361429,0,4.650578354,#E71212,100
2012,Tennessee,Democrat Vote %,796513,2283727,34.87776779,68.78695133,#D1AA08,100
2012,Tennessee,Republican Vote %,1369562,2283727,59.97047808,28.2145106,#334ADC,100
2012,Tennessee,Third Party Vote %,117652,2283727,5.151754128,-28.2145106,#E71212,100
2012,Texas,Democrat Vote %,2949900,7664208,38.48929987,66.48240275,#D1AA08,100
2012,Texas,Republican Vote %,4429270,7664208,57.79162048,82.24939502,#334ADC,100
2012,Texas,Third Party Vote %,285038,7664208,3.719079649,-82.24939502,#E71212,100
2012,Utah,Democrat Vote %,324309,993102,32.65616221,6.436468579,#D1AA08,100
2012,Utah,Republican Vote %,647873,993102,65.23730694,71.45634852,#334ADC,100
2012,Utah,Third Party Vote %,20920,993102,2.10653085,-71.45634852,#E71212,100
2012,Vermont,Democrat Vote %,208600,289931,71.94815318,23.77497883,#D1AA08,100
2012,Vermont,Republican Vote %,67543,289931,23.29623255,2.84816431,#334ADC,100
2012,Vermont,Third Party Vote %,13788,289931,4.755614267,-2.84816431,#E71212,100
2012,Virginia,Democrat Vote %,1806025,3740455,48.28356443,95.69074409,#D1AA08,100
2012,Virginia,Republican Vote %,1876761,3740455,50.17467126,50.93846362,#334ADC,100
2012,Virginia,Third Party Vote %,57669,3740455,1.541764304,-50.93846362,#E71212,100
2012,Washington,Democrat Vote %,1636726,3006266,54.44381834,45.83182588,#D1AA08,100
2012,Washington,Republican Vote %,1369540,3006266,45.55618166,55.32061859,#334ADC,100
2012,Washington,Third Party Vote %,0,3006266,0,55.32061859,#334ADC,100
2012,West Virginia,Democrat Vote %,257101,641354,40.08722172,-55.32061859,#E71212,100
2012,West Virginia,Republican Vote %,384253,641354,59.91277828,19.10856564,#D1AA08,100
2012,West Virginia,Third Party Vote %,0,641354,0,19.10856564,#D1AA08,100
2012,Wisconsin,Democrat Vote %,1445015,2866050,50.41834581,1.501020568,#334ADC,100
2012,Wisconsin,Republican Vote %,1401995,2866050,48.91732524,-1.501020568,#E71212,100
2012,Wisconsin,Third Party Vote %,19040,2866050,0.664328954,0.664328954,#D1AA08,100
2012,Wyoming,Democrat Vote %,57573,250700,22.96489828,-43.42999601,#334ADC,100
2012,Wyoming,Republican Vote %,166452,250700,66.3948943,43.42999601,#E71212,100
2012,Wyoming,Third Party Vote %,26675,250700,10.64020742,10.64020742,#D1AA08,100
2014,Alabama,Democrat Vote %,331764,1080880,30.69387906,-34.48754718,#334ADC,100
2014,Alabama,Republican Vote %,704533,1080880,65.18142625,34.48754718,#E71212,100
2014,Alabama,Third Party Vote %,44583,1080880,4.124694693,4.124694693,#D1AA08,100
2014,Alaska,Democrat Vote %,114602,279741,40.96718036,-9.998534359,#334ADC,100
2014,Alaska,Republican Vote %,142572,279741,50.96571471,9.998534359,#E71212,100
2014,Alaska,Third Party Vote %,22567,279741,8.067104929,8.067104929,#D1AA08,100
2014,Arizona,Democrat Vote %,577943,1467603,39.38006395,-16.30038914,#334ADC,100
2014,Arizona,Republican Vote %,817168,1467603,55.68045309,16.30038914,#E71212,100
2014,Arizona,Third Party Vote %,72492,1467603,4.939482953,4.939482953,#D1AA08,100
2014,Arkansas,Democrat Vote %,254774,830652,30.67156884,-30.68156099,#334ADC,100
2014,Arkansas,Republican Vote %,509631,830652,61.35312983,30.68156099,#E71212,100
2014,Arkansas,Third Party Vote %,66247,830652,7.97530133,7.97530133,#D1AA08,100
2014,California,Democrat Vote %,4067737,7027608,57.88224101,15.89528044,#334ADC,100
2014,California,Republican Vote %,2950679,7027608,41.98696057,-15.89528044,#E71212,100
2014,California,Third Party Vote %,9192,7027608,0.130798417,0.130798417,#D1AA08,100
2014,Colorado,Democrat Vote %,936417,1975979,47.39002793,-3.227767097,#334ADC,100
2014,Colorado,Republican Vote %,1000197,1975979,50.61779503,3.227767097,#E71212,100
2014,Colorado,Third Party Vote %,39365,1975979,1.992177042,1.992177042,#D1AA08,100
2014,Connecticut,Democrat Vote %,596390,1067857,55.84923824,17.50018963,#334ADC,100
2014,Connecticut,Republican Vote %,409513,1067857,38.34904861,-17.50018963,#E71212,100
2014,Connecticut,Third Party Vote %,61954,1067857,5.801713151,5.801713151,#D1AA08,100
2014,Delaware,Democrat Vote %,137251,231617,59.25774015,22.49618983,#334ADC,100
2014,Delaware,Republican Vote %,85146,231617,36.76155032,-22.49618983,#E71212,100
2014,Delaware,Third Party Vote %,9220,231617,3.980709533,-39.43510111,#D1AA08,100
2014,Florida,Democrat Vote %,2130627,4907491,43.41581065,39.43510111,#334ADC,100
2014,Florida,Republican Vote %,2713454,4907491,55.29208306,55.29208306,#E71212,100
2014,Florida,Third Party Vote %,63410,4907491,1.292106292,-40.18664279,#D1AA08,100
2014,Georgia,Democrat Vote %,956361,2305665,41.47874908,40.18664279,#334ADC,100
2014,Georgia,Republican Vote %,1349076,2305665,58.51136223,58.51136223,#E71212,100
2014,Georgia,Third Party Vote %,228,2305665,0.009888687,-63.66284321,#D1AA08,100
2014,Hawaii,Democrat Vote %,235400,369703,63.6727319,63.66284321,#334ADC,100
2014,Hawaii,Republican Vote %,120084,369703,32.48120789,32.48120789,#E71212,100
2014,Hawaii,Third Party Vote %,14219,369703,3.846060216,-32.94020313,#D1AA08,100
2014,Idaho,Democrat Vote %,160078,435157,36.78626335,32.94020313,#334ADC,100
2014,Idaho,Republican Vote %,275072,435157,63.21212804,63.21212804,#E71212,100
2014,Idaho,Third Party Vote %,7,435157,0.001608615,-51.08521813,#D1AA08,100
2014,Illinois,Democrat Vote %,1822779,3568002,51.08682675,51.08521813,#334ADC,100
2014,Illinois,Republican Vote %,1721865,3568002,48.25852116,48.25852116,#E71212,100
2014,Illinois,Third Party Vote %,23358,3568002,0.654652099,-36.76513932,#D1AA08,100
2014,Indiana,Democrat Vote %,502104,1341814,37.41979142,36.76513932,#334ADC,100
2014,Indiana,Republican Vote %,788762,1341814,58.78325908,58.78325908,#E71212,100
2014,Indiana,Third Party Vote %,50948,1341814,3.796949503,-41.83036798,#D1AA08,100
2014,Iowa,Democrat Vote %,509189,1115974,45.62731748,41.83036798,#334ADC,100
2014,Iowa,Republican Vote %,595865,1115974,53.3941651,53.3941651,#E71212,100
2014,Iowa,Third Party Vote %,10920,1115974,0.978517421,-35.15862578,#D1AA08,100
2014,Kansas,Democrat Vote %,311530,862077,36.1371432,35.15862578,#334ADC,100
2014,Kansas,Republican Vote %,540756,862077,62.72711138,62.72711138,#E71212,100
2014,Kansas,Third Party Vote %,9791,862077,1.135745415,-35.22240762,#D1AA08,100
2014,Kentucky,Democrat Vote %,508151,1397626,36.35815304,35.22240762,#334ADC,100
2014,Kentucky,Republican Vote %,887157,1397626,63.47599429,63.47599429,#E71212,100
2014,Kentucky,Third Party Vote %,2318,1397626,0.165852667,-26.48584514,#D1AA08,100
2014,Louisiana,Democrat Vote %,406186,1524053,26.65169781,26.48584514,#334ADC,100
2014,Louisiana,Republican Vote %,1031270,1524053,67.66628195,67.66628195,#E71212,100
2014,Louisiana,Third Party Vote %,86597,1524053,5.682020245,-43.79026159,#D1AA08,100
2014,Maine,Democrat Vote %,305242,616996,49.47228183,43.79026159,#334ADC,100
2014,Maine,Republican Vote %,228071,616996,36.96474531,36.96474531,#E71212,100
2014,Maine,Third Party Vote %,83683,616996,13.56297286,-43.87952546,#D1AA08,100
2014,Maryland,Democrat Vote %,978267,1703037,57.44249831,43.87952546,#334ADC,100
2014,Maryland,Republican Vote %,704400,1703037,41.36140319,41.36140319,#E71212,100
2014,Maryland,Third Party Vote %,20370,1703037,1.196098499,-66.27460855,#D1AA08,100
2014,Massachusetts,Democrat Vote %,1475442,2186789,67.47070705,66.27460855,#334ADC,100
2014,Massachusetts,Republican Vote %,308598,2186789,14.11192392,14.11192392,#E71212,100
2014,Massachusetts,Third Party Vote %,402749,2186789,18.41736903,-30.95624206,#D1AA08,100
2014,Michigan,Democrat Vote %,1519030,3076603,49.37361109,30.95624206,#334ADC,100
2014,Michigan,Republican Vote %,1466749,3076603,47.67430182,47.67430182,#E71212,100
2014,Michigan,Third Party Vote %,90824,3076603,2.952087091,-47.25114289,#D1AA08,100
2014,Minnesota,Democrat Vote %,985760,1963539,50.20322998,47.25114289,#334ADC,100
2014,Minnesota,Republican Vote %,913539,1963539,46.52512632,46.52512632,#E71212,100
2014,Minnesota,Third Party Vote %,64240,1963539,3.2716437,-33.455438,#D1AA08,100
2014,Mississippi,Democrat Vote %,230014,626279,36.7270817,33.455438,#334ADC,100
2014,Mississippi,Republican Vote %,329169,626279,52.55948228,52.55948228,#E71212,100
2014,Mississippi,Third Party Vote %,67096,626279,10.71343602,-25.29574295,#D1AA08,100
2014,Missouri,Democrat Vote %,513600,1426303,36.00917898,25.29574295,#334ADC,100
2014,Missouri,Republican Vote %,838283,1426303,58.77313586,58.77313586,#E71212,100
2014,Missouri,Third Party Vote %,74420,1426303,5.217685162,-35.191269,#D1AA08,100
2014,Montana,Democrat Vote %,148690,367963,40.40895416,35.191269,#334ADC,100
2014,Montana,Republican Vote %,203871,367963,55.4052989,55.4052989,#E71212,100
2014,Montana,Third Party Vote %,15402,367963,4.185746937,-30.40316498,#D1AA08,100
2014,Nebraska,Democrat Vote %,185234,535530,34.58891192,30.40316498,#334ADC,100
2014,Nebraska,Republican Vote %,340816,535530,63.64087913,63.64087913,#E71212,100
2014,Nebraska,Third Party Vote %,9480,535530,1.770208952,-36.93025458,#D1AA08,100
2014,Nevada,Democrat Vote %,210147,543009,38.70046353,36.93025458,#334ADC,100
2014,Nevada,Republican Vote %,304809,543009,56.13332376,56.13332376,#E71212,100
2014,Nevada,Third Party Vote %,28053,543009,5.166212715,-46.29120224,#D1AA08,100
2014,New Hampshire,Democrat Vote %,247469,480920,51.45741495,46.29120224,#334ADC,100
2014,New Hampshire,Republican Vote %,232379,480920,48.31967895,48.31967895,#E71212,100
2014,New Hampshire,Third Party Vote %,1072,480920,0.222906097,-49.96868098,#D1AA08,100
2014,New Jersey,Democrat Vote %,914172,1821365,50.19158708,49.96868098,#334ADC,100
2014,New Jersey,Republican Vote %,877265,1821365,48.16524969,48.16524969,#E71212,100
2014,New Jersey,Third Party Vote %,29928,1821365,1.643163232,-51.34178456,#D1AA08,100
2014,New Mexico,Democrat Vote %,271222,511885,52.98494779,51.34178456,#334ADC,100
2014,New Mexico,Republican Vote %,240542,511885,46.99141409,46.99141409,#E71212,100
2014,New Mexico,Third Party Vote %,121,511885,0.023638122,-45.4208107,#D1AA08,100
2014,New York,Democrat Vote %,1788105,3934705,45.44444882,45.4208107,#334ADC,100
2014,New York,Republican Vote %,1257412,3934705,31.95695738,31.95695738,#E71212,100
2014,New York,Third Party Vote %,889188,3934705,22.5985938,-21.34826799,#D1AA08,100
2014,North Carolina,Democrat Vote %,1234027,2807998,43.94686179,21.34826799,#334ADC,100
2014,North Carolina,Republican Vote %,1555364,2807998,55.39049529,55.39049529,#E71212,100
2014,North Carolina,Third Party Vote %,18607,2807998,0.662642922,-37.81324882,#D1AA08,100
2014,North Dakota,Democrat Vote %,95678,248670,38.47589174,37.81324882,#334ADC,100
2014,North Dakota,Republican Vote %,138100,248670,55.53544859,55.53544859,#E71212,100
2014,North Dakota,Third Party Vote %,14892,248670,5.988659669,-33.32879696,#D1AA08,100
2014,Ohio,Democrat Vote %,1179587,3000161,39.31745663,33.32879696,#334ADC,100
2014,Ohio,Republican Vote %,1770923,3000161,59.02759885,59.02759885,#E71212,100
2014,Ohio,Third Party Vote %,49651,3000161,1.654944518,-24.97778756,#D1AA08,100
2014,Oklahoma,Democrat Vote %,174022,653414,26.63273208,24.97778756,#334ADC,100
2014,Oklahoma,Republican Vote %,457614,653414,70.03431209,70.03431209,#E71212,100
2014,Oklahoma,Third Party Vote %,21778,653414,3.332955829,-50.45447523,#D1AA08,100
2014,Oregon,Democrat Vote %,778139,1446693,53.78743106,50.45447523,#334ADC,100
2014,Oregon,Republican Vote %,582909,1446693,40.29251541,40.29251541,#E71212,100
2014,Oregon,Third Party Vote %,85645,1446693,5.920053529,-38.23759437,#D1AA08,100
2014,Pennsylvania,Democrat Vote %,1467594,3323533,44.1576479,38.23759437,#334ADC,100
2014,Pennsylvania,Republican Vote %,1833205,3323533,55.15832098,55.15832098,#E71212,100
2014,Pennsylvania,Third Party Vote %,22734,3323533,0.68403112,-60.27145761,#D1AA08,100
2014,Rhode Island,Democrat Vote %,192776,316257,60.95548873,60.27145761,#334ADC,100
2014,Rhode Island,Republican Vote %,122721,316257,38.80420038,38.80420038,#E71212,100
2014,Rhode Island,Third Party Vote %,760,316257,0.240310886,-32.38046016,#D1AA08,100
2014,South Carolina,Democrat Vote %,377025,1155782,32.62077105,32.38046016,#334ADC,100
2014,South Carolina,Republican Vote %,734456,1155782,63.54623969,63.54623969,#E71212,100
2014,South Carolina,Third Party Vote %,44301,1155782,3.832989266,-29.63738374,#D1AA08,100
2014,South Dakota,Democrat Vote %,92485,276319,33.47037301,29.63738374,#334ADC,100
2014,South Dakota,Republican Vote %,183834,276319,66.52962699,66.52962699,#E71212,100
2014,South Dakota,Third Party Vote %,0,276319,0,0,#D1AA08,100
2014,Tennessee,Democrat Vote %,448421,1371161,32.70374522,-29.20335395,#334ADC,100
2014,Tennessee,Republican Vote %,848846,1371161,61.90709917,29.20335395,#E71212,100
2014,Tennessee,Third Party Vote %,73894,1371161,5.389155613,5.389155613,#D1AA08,100
2014,Texas,Democrat Vote %,1474016,4453499,33.09793041,-27.18258161,#334ADC,100
2014,Texas,Republican Vote %,2684592,4453499,60.28051202,27.18258161,#E71212,100
2014,Texas,Third Party Vote %,294891,4453499,6.621557566,6.621557566,#D1AA08,100
2014,Utah,Democrat Vote %,183491,560139,32.75811897,-29.91096853,#334ADC,100
2014,Utah,Republican Vote %,351034,560139,62.66908749,29.91096853,#E71212,100
2014,Utah,Third Party Vote %,25614,560139,4.572793539,4.572793539,#D1AA08,100
2014,Vermont,Democrat Vote %,123349,191504,64.41066505,33.37632634,#334ADC,100
2014,Vermont,Republican Vote %,59432,191504,31.03433871,-33.37632634,#E71212,100
2014,Vermont,Third Party Vote %,8723,191504,4.55499624,4.55499624,#D1AA08,100
2014,Virginia,Democrat Vote %,845939,2135331,39.61629368,-13.94669023,#334ADC,100
2014,Virginia,Republican Vote %,1143747,2135331,53.56298391,13.94669023,#E71212,100
2014,Virginia,Third Party Vote %,145645,2135331,6.820722408,6.820722408,#D1AA08,100
2014,Washington,Democrat Vote %,1047747,2029600,51.62332479,2.978819972,#334ADC,100
2014,Washington,Republican Vote %,981853,2029600,48.37667521,-2.978819972,#E71212,100
2014,Washington,Third Party Vote %,0,2029600,0,0,#D1AA08,100
2014,West Virginia,Democrat Vote %,182484,439388,41.53140277,-13.73250976,#334ADC,100
2014,West Virginia,Republican Vote %,242823,439388,55.26391253,13.73250976,#E71212,100
2014,West Virginia,Third Party Vote %,14081,439388,3.204684698,3.204684698,#D1AA08,100
2014,Wisconsin,Democrat Vote %,1102581,2355580,46.80719823,-5.55107447,#334ADC,100
2014,Wisconsin,Republican Vote %,1233341,2355580,52.3582727,5.55107447,#E71212,100
2014,Wisconsin,Third Party Vote %,19658,2355580,0.834529076,0.834529076,#D1AA08,100
2014,Wyoming,Democrat Vote %,37803,171153,22.08725526,-43.95774541,#334ADC,100
2014,Wyoming,Republican Vote %,113038,171153,66.04500067,43.95774541,#E71212,100
2014,Wyoming,Third Party Vote %,20312,171153,11.86774407,11.86774407,#D1AA08,100
